{
  "$schema": "https://raw.githubusercontent.com/YosysHQ/yosys/master/misc/jny.schema.json",
  "generator": "Yosys 0.39+124 (git sha1 d73f71e81, clang++ 14.0.0-1ubuntu1.1 -fPIC -Os)",
  "version": "0.0.1",
  "invocation": "write_jny -no-connections ../model/design.json ",
  "features": ["attributes", "properties"],
  "modules": [
      {
        "name": "teste_array",
        "cell_sorts": [
          {
            "type": "$mem_v2",
            "ports": [
                {
                  "name": "RD_ADDR",
                  "direction": "io",
                  "range": [2, 0]
                },
                {
                  "name": "RD_ARST",
                  "direction": "io",
                  "range": [0, 0]
                },
                {
                  "name": "RD_CLK",
                  "direction": "io",
                  "range": [0, 0]
                },
                {
                  "name": "RD_DATA",
                  "direction": "",
                  "range": [8, 0]
                },
                {
                  "name": "RD_EN",
                  "direction": "io",
                  "range": [0, 0]
                },
                {
                  "name": "RD_SRST",
                  "direction": "io",
                  "range": [0, 0]
                },
                {
                  "name": "WR_ADDR",
                  "direction": "io",
                  "range": [0, 0]
                },
                {
                  "name": "WR_CLK",
                  "direction": "io",
                  "range": [0, 0]
                },
                {
                  "name": "WR_DATA",
                  "direction": "io",
                  "range": [0, 0]
                },
                {
                  "name": "WR_EN",
                  "direction": "io",
                  "range": [0, 0]
                }
            ],
            "cells": [
                {
                  "name": "\\6",
                  "attributes": {

                  },
                  "parameters": {
                    "ABITS": "00000000000000000000000000000010",
                    "INIT": "00001010111100001010101001010101",
                    "MEMID": "\\6",
                    "OFFSET": "00000000000000000000000000000000",
                    "RD_ARST_VALUE": "xxxxxxxx",
                    "RD_CE_OVER_SRST": "1",
                    "RD_CLK_ENABLE": "0",
                    "RD_CLK_POLARITY": "1",
                    "RD_COLLISION_X_MASK": "0",
                    "RD_INIT_VALUE": "xxxxxxxx",
                    "RD_PORTS": "00000000000000000000000000000001",
                    "RD_SRST_VALUE": "xxxxxxxx",
                    "RD_TRANSPARENCY_MASK": "0",
                    "RD_WIDE_CONTINUATION": "0",
                    "SIZE": "00000000000000000000000000000100",
                    "WIDTH": "00000000000000000000000000001000",
                    "WR_CLK_ENABLE": "0",
                    "WR_CLK_POLARITY": "0",
                    "WR_PORTS": "00000000000000000000000000000000",
                    "WR_PRIORITY_MASK": "0",
                    "WR_WIDE_CONTINUATION": "0"
                  }
                }
            ]
          },
          {
            "type": "$sub",
            "ports": [
                {
                  "name": "A",
                  "direction": "io",
                  "range": [2, 0]
                },
                {
                  "name": "B",
                  "direction": "io",
                  "range": [2, 0]
                },
                {
                  "name": "Y",
                  "direction": "",
                  "range": [2, 0]
                }
            ],
            "cells": [
                {
                  "name": "\\3",
                  "attributes": {

                  },
                  "parameters": {
                    "A_SIGNED": "00000000000000000000000000000000",
                    "A_WIDTH": "00000000000000000000000000000010",
                    "B_SIGNED": "00000000000000000000000000000000",
                    "B_WIDTH": "00000000000000000000000000000010",
                    "Y_WIDTH": "00000000000000000000000000000010"
                  }
                }
            ]
          }
        ],
        "attributes": {

        }
      },
      {
        "name": "verify_teste_array",
        "cell_sorts": [
          {
            "type": "$check",
            "ports": [
                {
                  "name": "A",
                  "direction": "io",
                  "range": [0, 0]
                },
                {
                  "name": "ARGS",
                  "direction": "io",
                  "range": [0, 0]
                },
                {
                  "name": "EN",
                  "direction": "io",
                  "range": [0, 0]
                },
                {
                  "name": "TRG",
                  "direction": "io",
                  "range": [0, 0]
                }
            ],
            "cells": [
                {
                  "name": "_witness_.check_assert_verif_teste_array_sv_13_4",
                  "attributes": {
                    "hdlname": "_witness_ check_assert_verif_teste_array_sv_13_4",
                    "src": "verif_teste_array.sv:13.9-13.55"
                  },
                  "parameters": {
                    "ARGS_WIDTH": "00000000000000000000000000000000",
                    "FLAVOR": "assert",
                    "FORMAT": true,
                    "PRIORITY": "11111111111111111111111111111110",
                    "TRG_ENABLE": "00000000000000000000000000000000",
                    "TRG_POLARITY": true,
                    "TRG_WIDTH": "00000000000000000000000000000000"
                  }
                },
                {
                  "name": "_witness_.check_assert_verif_teste_array_sv_14_10",
                  "attributes": {
                    "hdlname": "_witness_ check_assert_verif_teste_array_sv_14_10",
                    "src": "verif_teste_array.sv:14.9-14.55"
                  },
                  "parameters": {
                    "ARGS_WIDTH": "00000000000000000000000000000000",
                    "FLAVOR": "assert",
                    "FORMAT": true,
                    "PRIORITY": "11111111111111111111111111111101",
                    "TRG_ENABLE": "00000000000000000000000000000000",
                    "TRG_POLARITY": true,
                    "TRG_WIDTH": "00000000000000000000000000000000"
                  }
                },
                {
                  "name": "_witness_.check_assume_verif_teste_array_sv_12_2",
                  "attributes": {
                    "hdlname": "_witness_ check_assume_verif_teste_array_sv_12_2",
                    "src": "verif_teste_array.sv:12.9-12.27"
                  },
                  "parameters": {
                    "ARGS_WIDTH": "00000000000000000000000000000000",
                    "FLAVOR": "assume",
                    "FORMAT": true,
                    "PRIORITY": "11111111111111111111111111111111",
                    "TRG_ENABLE": "00000000000000000000000000000000",
                    "TRG_POLARITY": true,
                    "TRG_WIDTH": "00000000000000000000000000000000"
                  }
                }
            ]
          },
          {
            "type": "$mux",
            "ports": [
                {
                  "name": "A",
                  "direction": "io",
                  "range": [0, 0]
                },
                {
                  "name": "B",
                  "direction": "io",
                  "range": [0, 0]
                },
                {
                  "name": "S",
                  "direction": "io",
                  "range": [0, 0]
                },
                {
                  "name": "Y",
                  "direction": "",
                  "range": [0, 0]
                }
            ],
            "cells": [
                {
                  "name": "$ternary$verif_teste_array.sv:13$7",
                  "attributes": {
                    "src": "verif_teste_array.sv:13.17-13.54"
                  },
                  "parameters": {
                    "WIDTH": "00000000000000000000000000000001"
                  }
                },
                {
                  "name": "$ternary$verif_teste_array.sv:14$13",
                  "attributes": {
                    "src": "verif_teste_array.sv:14.17-14.54"
                  },
                  "parameters": {
                    "WIDTH": "00000000000000000000000000000001"
                  }
                }
            ]
          },
          {
            "type": "$le",
            "ports": [
                {
                  "name": "A",
                  "direction": "io",
                  "range": [2, 0]
                },
                {
                  "name": "B",
                  "direction": "io",
                  "range": [2, 0]
                },
                {
                  "name": "Y",
                  "direction": "",
                  "range": [0, 0]
                }
            ],
            "cells": [
                {
                  "name": "$le$verif_teste_array.sv:12$3",
                  "attributes": {
                    "src": "verif_teste_array.sv:12.17-12.26"
                  },
                  "parameters": {
                    "A_SIGNED": "00000000000000000000000000000000",
                    "A_WIDTH": "00000000000000000000000000000010",
                    "B_SIGNED": "00000000000000000000000000000000",
                    "B_WIDTH": "00000000000000000000000000000010",
                    "Y_WIDTH": "00000000000000000000000000000001"
                  }
                }
            ]
          },
          {
            "type": "teste_array",
            "ports": [
                {
                  "name": "addr",
                  "direction": "io",
                  "range": [2, 0]
                },
                {
                  "name": "data_out",
                  "direction": "",
                  "range": [8, 0]
                }
            ],
            "cells": [
                {
                  "name": "dut",
                  "attributes": {
                    "module_not_derived": "00000000000000000000000000000001",
                    "src": "verif_teste_array.sv:6.17-9.6"
                  },
                  "parameters": {

                  }
                }
            ]
          },
          {
            "type": "$eq",
            "ports": [
                {
                  "name": "A",
                  "direction": "io",
                  "range": [8, 0]
                },
                {
                  "name": "B",
                  "direction": "io",
                  "range": [4, 0]
                },
                {
                  "name": "Y",
                  "direction": "",
                  "range": [0, 0]
                }
            ],
            "cells": [
                {
                  "name": "$eq$verif_teste_array.sv:13$6",
                  "attributes": {
                    "src": "verif_teste_array.sv:13.32-13.49"
                  },
                  "parameters": {
                    "A_SIGNED": "00000000000000000000000000000000",
                    "A_WIDTH": "00000000000000000000000000001000",
                    "B_SIGNED": "00000000000000000000000000000000",
                    "B_WIDTH": "00000000000000000000000000000100",
                    "Y_WIDTH": "00000000000000000000000000000001"
                  }
                },
                {
                  "name": "$eq$verif_teste_array.sv:14$11",
                  "attributes": {
                    "src": "verif_teste_array.sv:14.18-14.27"
                  },
                  "parameters": {
                    "A_SIGNED": "00000000000000000000000000000000",
                    "A_WIDTH": "00000000000000000000000000000010",
                    "B_SIGNED": "00000000000000000000000000000000",
                    "B_WIDTH": "00000000000000000000000000000001",
                    "Y_WIDTH": "00000000000000000000000000000001"
                  }
                },
                {
                  "name": "$eq$verif_teste_array.sv:14$12",
                  "attributes": {
                    "src": "verif_teste_array.sv:14.32-14.49"
                  },
                  "parameters": {
                    "A_SIGNED": "00000000000000000000000000000000",
                    "A_WIDTH": "00000000000000000000000000001000",
                    "B_SIGNED": "00000000000000000000000000000000",
                    "B_WIDTH": "00000000000000000000000000001000",
                    "Y_WIDTH": "00000000000000000000000000000001"
                  }
                }
            ]
          },
          {
            "type": "$logic_not",
            "ports": [
                {
                  "name": "A",
                  "direction": "io",
                  "range": [2, 0]
                },
                {
                  "name": "Y",
                  "direction": "",
                  "range": [0, 0]
                }
            ],
            "cells": [
                {
                  "name": "$eq$verif_teste_array.sv:13$5",
                  "attributes": {
                    "src": "verif_teste_array.sv:13.18-13.27"
                  },
                  "parameters": {
                    "A_SIGNED": "00000000000000000000000000000000",
                    "A_WIDTH": "00000000000000000000000000000010",
                    "Y_WIDTH": "00000000000000000000000000000001"
                  }
                }
            ]
          }
        ],
        "attributes": {
            "keep": "00000000000000000000000000000001",
            "top": "00000000000000000000000000000001",
            "src": "verif_teste_array.sv:1.1-16.10"
        }
      }
  ]
}
